Keyword,Seed keyword,Volume,Keyword Difficulty,Intent,SERP Features
inburgering,inburgering,33100,49,Navigational,"Local Pack, Site Links, People Also Ask, Related Searches"
inburgeringsexamen,inburgeringsexamen,8100,40,Informational,"Reviews, Video, People Also Ask, Related Searches, AI Overview"
duo inburgering,inburgering,6600,38,Navigational,"People Also Ask, Related Searches, Knowledge Panel, Site Links, Video"
inburgeren,inburgering,5400,35,Navigational,"Related Searches, Site Links, Video, People Also Ask"
inburgering exam,inburgering,4400,41,Navigational,"Site Links, People Also Ask, Related Searches"
inburgering online,inburgering,3600,46,"Navigational, Transactional","Video, People Also Ask, Related Searches, Knowledge Panel, Reviews"
inburgering examen oefenen,inburgering,1900,35,Informational,"Video, Video Carousel, People Also Ask, Related Searches"
inburgering examen a2,inburgering,1300,34,Informational,"Video, Video Carousel, People Also Ask, Related Searches"
inburgering oefenen,inburgering,1300,34,"Informational, Transactional","Image Pack, Video, Video Carousel, Related Searches"
inburgeringsexamen oefenen,inburgeringsexamen,1300,32,Informational,"Video, Video Carousel, People Also Ask, Related Searches"
oefenen examen a2,a2 examen,1300,18,Informational,"Image Pack, Video, Video Carousel, Related Searches"
oefenen voor inburgering,inburgering,880,18,Informational,"Video, Video Carousel, People Also Ask, Related Searches"
inburgering practice exam,inburgering,880,25,Informational,"Video, Video Carousel, People Also Ask, Related Searches, Reviews"
inburgering examen oefenen a2,inburgering,880,23,"Informational, Transactional","Video, Video Carousel, People Also Ask, Related Searches"
examen oefenen inburgering,inburgering,880,29,"Informational, Transactional","Video, Video Carousel, People Also Ask, Related Searches"
inburgering practice exams,inburgering,720,27,Informational,"Video Carousel, Related Searches, Reviews, Video"
examen inburgering a2,inburgering,720,41,"Informational, Transactional","Reviews, Video, Video Carousel, People Also Ask, Related Searches"
examen inburgering oefenen,inburgering,720,35,Informational,"Video, Video Carousel, People Also Ask, Related Searches"
inburgering oefenexamen,inburgering,720,34,Informational,"Video, Video Carousel, Related Searches"
inburgen,inburgering,590,30,Navigational,"Site Links, Video, Related Searches"
inburgering a1,inburgering,590,32,Navigational,"Related Searches, Site Links, Video, Adwords Bottom, Video Carousel, People Also Ask"
inburgering a2,inburgering,590,38,"Informational, Transactional","Video, Video Carousel, People Also Ask, Related Searches"
fraude inburgeringsexamen,inburgeringsexamen,590,19,Informational,"Related Searches, AI Overview, Video, People Also Ask"
inburgering exam practice,inburgering,480,23,Informational,"Related Searches, Site Links, Reviews, Video, Video Carousel"
wet inburgering 2021,inburgering,480,16,Informational,"Video, People Also Ask, Related Searches, AI Overview"
inburgeringsexamen a1,inburgeringsexamen,480,32,"Informational, Transactional","Related Searches, AI Overview, Reviews, Video, Video Carousel, People Also Ask"
inburgeren practice exams,inburgering,390,24,Informational,"AI Overview, Video, Video Carousel, Related Searches"
inburgering examen oefenen knm,inburgering,390,20,"Informational, Transactional","Video, Video Carousel, Related Searches, Short Videos, Reviews"
duo inburgering examen oefenen,inburgering,320,26,Informational,"Video, Related Searches"
inburgerings examen oefenen,inburgering,320,29,Informational,"Video, Video Carousel, People Also Ask, Related Searches"
inburgering exam duo,inburgering,320,38,Navigational,"Related Searches, Site Links, Video, Video Carousel, People Also Ask"
inburgeren online,inburgering,320,50,"Navigational, Transactional","Video, People Also Ask, Related Searches, Knowledge Panel, Reviews"
wet inburgering,inburgering,320,30,Informational,"AI Overview, Video, People Also Ask, Related Searches"
z route inburgering,inburgering,260,11,Informational,"People Also Ask, Related Searches"
basisexamen inburgering buitenland,inburgering,260,25,Informational,"Video, People Also Ask, Related Searches, AI Overview"
examen a2,a2 examen,260,13,Informational,"People Also Ask, Related Searches, Image Pack, Video, Video Carousel"
a2 examen oefenen,a2 examen,260,32,"Informational, Transactional","Image Pack, Video, Video Carousel, People Also Ask, Related Searches, AI Overview"
basisexamen inburgering in het buitenland,inburgering,210,24,Informational,"Video, People Also Ask, Related Searches, AI Overview"
consulent inburgering vacature,inburgering,210,9,"Informational, Commercial","Reviews, Jobs Search, Related Searches"
www inburgering b1 nl,inburgering,210,6,Informational,"Reviews, Video, Related Searches"
map inburgering,inburgering,210,23,Informational,"Image Pack, Video, Featured Snippet, People Also Ask, Related Searches"
inburgering exam a2,inburgering,210,28,"Informational, Transactional","Video, Video Carousel, People Also Ask, Related Searches"
dutch integration exam,dutch integration exam,210,37,Informational,"AI Overview, Video, Video Carousel, People Also Ask, Related Searches"
dutch a2 exam,a2 dutch exam,210,21,Informational,"Video Carousel, People Also Ask, Related Searches, AI Overview, Video"
examens a2,a2 examen,210,24,Informational,"Video, Video Carousel, People Also Ask, Related Searches"
inburgering exam a2 oefenen,a2 examen,210,37,"Informational, Transactional","Related Searches, Video, Video Carousel, People Also Ask"
inburgering examen oefenen lezen a2,inburgering,170,14,"Informational, Transactional","Video, Video Carousel, Related Searches"
inburgering exam results,inburgering,170,20,"Navigational, Transactional","Related Searches, Site Links, Video, People Also Ask"
basisexamen inburgering,inburgering,170,27,Informational,"Video, People Also Ask, Related Searches, AI Overview"
oefenexamen inburgering,inburgering,170,27,Informational,"Video, Related Searches"
inburgeringsexamen a2,inburgeringsexamen,170,32,"Informational, Transactional","Video, Video Carousel, People Also Ask, Related Searches"
inburgeringsexamen oefenen b1,inburgeringsexamen,170,27,Informational,"Video Carousel, People Also Ask, Related Searches, Video"
a2 inburgering exam,a2 examen,170,29,"Informational, Transactional","Adwords Bottom, Video Carousel, People Also Ask, Related Searches, Video"
examen oefenen a2,a2 examen,170,15,"Informational, Transactional","Video, Video Carousel, Related Searches"
inburgering examen oefenen luisteren a2,a2 examen,170,26,"Informational, Transactional","Image Pack, Video, Video Carousel, Related Searches"
schrijven examen a2,a2 examen,170,12,Informational,"Video, Video Carousel, People Also Ask, Related Searches, Reviews"
inburgering examen oefenen schrijven a2,inburgering,140,17,Informational,"People Also Ask, Related Searches, Image Pack, Video, Video Carousel"
nieuwe wet inburgering,inburgering,140,22,Informational,"Video, People Also Ask, Related Searches, AI Overview"
knm inburgering,inburgering,140,27,Informational,"Related Searches, AI Overview, Video, Video Carousel, People Also Ask"
ind inburgeringsexamen,inburgeringsexamen,140,50,"Navigational, Transactional","Video, People Also Ask, Related Searches"
a2 dutch exam,a2 dutch exam,140,22,Informational,"Video, Video Carousel, People Also Ask, Related Searches"
spreken examen a2,a2 examen,140,19,"Informational, Transactional","Image Pack, Reviews, Video, Video Carousel, Related Searches"
spreken examen a2 oefenen,a2 examen,140,22,"Informational, Transactional","Reviews, Video, Video Carousel, Related Searches, Short Videos"
inburgering practice exam free,inburgering,110,18,Informational,"Reviews, Video, Video Carousel, Related Searches"
wet inburgering 2013,inburgering,110,18,Informational,"People Also Ask, Related Searches, AI Overview, Video"
inburgering knm,inburgering,110,19,"Informational, Transactional","Video, Video Carousel, People Also Ask, Related Searches"
inburgering cursus,inburgering,110,22,Commercial,"People Also Ask, Related Searches, Adwords Middle"
a2 inburgering,inburgering,110,23,"Informational, Transactional","Video, Video Carousel, People Also Ask, Related Searches, Image Pack"
basisexamen inburgering a1,inburgering,110,24,Informational,"Related Searches, AI Overview, Video, People Also Ask"
inburgering verplicht,inburgering,110,24,Informational,"Related Searches, AI Overview, People Also Ask"
dutch islands inburgering,inburgering,110,27,Informational,"Video, People Also Ask, Related Searches, AI Overview"
inburgeringsexamen buitenland,inburgeringsexamen,110,27,Informational,"People Also Ask, Related Searches, Reviews, Video"
inburgeringsexamen online,inburgeringsexamen,110,34,Informational,"Reviews, Video, Adwords Top, Adwords Bottom, Related Searches, AI Overview"
lezen examen a2,a2 examen,110,7,"Informational, Transactional","Video, Video Carousel, Related Searches"
b1 route inburgering,inburgering,90,10,Informational,"Image Pack, Video, People Also Ask, Related Searches, AI Overview"
inburgering online course,inburgering,90,15,Navigational,"Adwords Middle, AI Overview, Site Links, Reviews, Video, Adwords Top, Related Searches"
wat is inburgering,inburgering,90,19,Informational,"AI Overview, Video, People Also Ask, Related Searches"
taalgericht inburgering,inburgering,90,23,Navigational,"Local Pack, Site Links, Reviews, Video, People Also Ask, Related Searches"
verplicht inburgeren,inburgering,90,23,Informational,"People Also Ask, Related Searches, AI Overview"
wat is inburgeren,inburgering,90,27,Informational,"People Also Ask, Related Searches, AI Overview, Video"
a2 inburgeringsexamen,inburgeringsexamen,90,22,Informational,"Related Searches, Video, Video Carousel, People Also Ask"
inburgeringsexamen b1,inburgeringsexamen,90,29,Informational,"Related Searches, AI Overview, Video, Video Carousel, People Also Ask"
dutch civic integration exam,dutch integration exam,90,36,Informational,"AI Overview, Video, Video Carousel, People Also Ask, Related Searches"
training inburgering,inburgering,70,7,Informational,"AI Overview, Reviews, Video, Related Searches"
adappel.nl inburgering,inburgering,70,13,Navigational,"Site Links, Video, Adwords Top, Video Carousel, Related Searches"
inburgering a2 oefenen,inburgering,70,14,"Informational, Transactional","Video, Video Carousel, People Also Ask, Related Searches"
inburgering training,inburgering,70,16,"Informational, Transactional","Local Pack, Reviews, Video, People Also Ask"
amsterdam inburgering,inburgering,70,18,Navigational,"Local Pack, Video, Related Searches"
wie moeten inburgeren,inburgering,70,19,Informational,"Video, People Also Ask, Related Searches, AI Overview"
inburgeren betekenis,inburgering,70,20,Informational,"Video, People Also Ask, Related Searches, AI Overview"
www.inburgering a1.nl/oefeningen,inburgering,70,20,Informational,"Image, People Also Ask, Reviews, Video"
inburgering a2 examen oefenen,inburgering,70,27,Informational,"Video Carousel, Related Searches, Video"
dutch a2 exam practice,a2 dutch exam,70,9,Commercial,"Reviews, Video, Related Searches"
dutch a2 exam sample pdf,a2 dutch exam,70,9,Informational,"Video, Video Carousel, Related Searches, AI Overview, Image Pack, Reviews"
nederlands leren inburgering,inburgering,50,10,Informational,"Related Searches, AI Overview, Reviews, Video, Video Carousel, People Also Ask"
inburgering a1 pdf,inburgering,50,17,Informational,"Related Searches, AI Overview, Reviews, Video"
inburgering exam practice pdf,inburgering,50,19,Informational,"Site Links, Video, Related Searches"
inburgering course,inburgering,50,20,Commercial,"Local Pack, Video, Adwords Top, Adwords Bottom, Video Carousel, People Also Ask, Related Searches"
basis examen inburgering buitenland aanvragen,inburgering,50,22,Informational,"People Also Ask, Related Searches, AI Overview, Video"
examen knm inburgering,inburgering,50,22,Informational,"Video, Video Carousel, People Also Ask, Related Searches, Reviews"
b1 inburgering,inburgering,50,23,Informational,"Video, Video Carousel, People Also Ask, Related Searches"
inburgering online practice exam,inburgering,50,23,Informational,"Video, Adwords Top, Adwords Bottom, Video Carousel, Related Searches"
oefen inburgering examen,inburgering,50,23,Informational,"Adwords Bottom, Video Carousel, People Also Ask, Related Searches, Video"
a2 exam dutch,a2 dutch exam,50,22,Informational,"Video, Video Carousel, People Also Ask, Related Searches, AI Overview"
dutch a2 exam sample,a2 dutch exam,50,13,Informational,"Related Searches, AI Overview, Video, Video Carousel, People Also Ask"
dutch a2 reading exam practice,a2 dutch exam,50,4,Informational,"Reviews, Video, Video Carousel, Related Searches"
dutch a2 reading exam practice pdf,a2 dutch exam,50,7,Informational,"Reviews, Video, Related Searches, AI Overview"
